,Team1_counts,Team2_counts,MatchWinner
0,364,193,4
1,386,335,1
2,253,195,9
3,50,87,2
4,49,25,6
5,364,341,5
6,253,199,9
7,176,316,13
8,253,341,9
9,259,238,5
10,171,204,14
11,259,316,4
12,253,316,10
13,364,316,10
14,250,199,12
15,171,223,14
16,250,341,10
17,176,223,13
18,259,238,4
19,259,204,4
20,127,27,15
21,250,341,10
22,253,316,9
23,253,204,9
24,127,341,13
25,386,316,1
26,127,223,9
27,171,238,14
28,386,193,4
29,364,193,5
30,250,335,14
31,250,335,10
32,253,316,9
33,386,223,1
34,250,199,12
35,364,316,5
36,250,87,10
37,250,223,10
38,250,335,14
39,250,204,1
40,171,195,14
41,138,238,5
42,250,341,10
43,386,335,1
44,386,238,5
45,49,193,4
46,386,195,1
47,185,335,14
48,250,341,13
49,185,223,12
50,253,87,9
51,386,335,1
52,250,238,10
53,259,316,4
54,386,238,1
55,250,223,10
56,50,316,10
57,185,195,12
58,364,335,5
59,176,335,13
60,176,316,10
61,32,48,3
62,176,316,10
63,386,195,1
64,26,27,0
65,176,238,13
66,386,335,14
67,176,335,13
68,364,193,4
69,185,87,12
70,176,335,13
71,253,316,9
72,127,30,15
73,386,193,1
74,259,204,4
75,386,199,12
76,176,204,13
77,259,204,4
78,138,238,5
79,250,199,10
80,364,48,5
81,176,238,13
82,176,238,13
83,176,195,13
84,176,204,1
85,364,199,12
86,364,204,5
87,250,341,10
88,253,238,5
89,127,238,5
90,253,193,9
91,364,223,5
92,259,204,1
93,364,335,5
94,138,195,2
95,127,204,1
96,253,316,9
97,185,223,12
98,259,341,13
99,127,341,13
100,185,341,13
101,364,223,9
102,386,335,14
103,250,223,10
104,171,316,10
105,386,316,10
106,250,335,14
107,250,238,5
108,171,238,14
109,364,199,12
110,250,335,14
111,50,87,7
112,185,195,12
113,364,48,5
114,259,341,4
115,49,341,13
116,127,316,10
117,364,223,5
118,259,199,4
119,138,199,2
120,138,48,2
121,386,341,1
122,127,204,1
123,250,341,13
124,386,223,1
125,50,335,14
126,171,238,14
127,364,204,5
128,386,335,1
129,386,341,13
130,250,341,13
131,364,335,14
132,176,204,13
133,386,335,14
134,49,204,1
135,253,341,9
136,364,341,5
137,364,335,14
138,138,316,10
139,176,193,4
140,32,223,9
141,26,17,3
142,127,316,15
143,185,316,12
144,185,335,12
145,138,223,2
146,386,335,14
147,171,199,12
148,364,204,1
149,176,195,13
150,259,238,5
151,171,199,12
152,386,199,1
153,259,27,4
154,364,341,5
155,138,223,2
156,49,48,6
157,138,238,2
158,185,341,12
159,386,193,1
160,259,341,4
161,138,223,9
162,185,341,12
163,253,238,5
164,253,199,12
165,32,27,6
166,364,193,5
167,171,204,1
168,185,238,12
169,259,341,4
170,253,341,13
171,253,204,9
172,259,238,4
173,386,195,1
174,22,25,11
175,127,87,2
176,364,335,5
177,364,341,5
178,364,316,5
179,50,17,7
180,176,316,10
181,253,199,9
182,127,87,2
183,127,316,10
184,259,223,4
185,250,195,10
186,253,238,5
187,185,335,14
188,364,335,5
189,259,341,13
190,259,341,13
191,253,341,9
192,259,335,14
193,250,341,10
194,259,204,4
195,250,193,10
196,253,316,10
197,259,223,9
198,185,204,12
199,176,223,13
200,138,195,2
201,138,341,13
202,259,341,13
203,364,316,5
204,259,204,4
205,253,341,13
206,171,195,14
207,253,195,15
208,253,204,1
209,386,223,9
210,386,193,1
211,253,316,10
212,253,341,13
213,138,223,2
214,127,193,4
215,176,238,13
216,386,223,1
217,171,316,14
218,250,87,10
219,386,193,4
220,364,199,12
221,253,193,9
222,386,335,1
223,364,335,14
224,171,193,14
225,253,199,12
226,253,193,9
227,138,195,2
228,253,316,9
229,253,199,9
230,386,238,5
231,32,48,3
232,253,335,14
233,253,335,14
234,364,193,5
235,386,199,12
236,176,335,13
237,364,223,9
238,259,199,4
239,250,195,10
240,138,335,2
241,364,223,5
242,364,195,5
243,185,195,12
244,250,335,10
245,138,238,5
246,364,204,5
247,253,204,1
248,364,193,4
249,386,193,1
250,253,341,9
251,259,195,4
252,250,335,10
253,386,316,1
254,127,238,5
255,50,25,7
256,364,204,1
257,49,30,11
258,364,335,14
259,171,204,1
260,259,204,1
261,259,335,4
262,386,193,1
263,259,238,5
264,253,341,13
265,386,341,1
266,386,341,1
267,185,238,12
268,171,204,1
269,127,48,15
270,364,335,5
271,259,335,4
272,49,335,6
273,176,204,1
274,386,199,12
275,176,238,5
276,176,199,13
277,364,199,12
278,176,87,13
279,259,316,4
280,250,335,14
281,185,223,9
282,171,204,14
283,138,193,4
284,364,316,10
285,259,316,4
286,138,316,10
287,250,341,10
288,259,341,13
289,138,341,13
290,364,341,5
291,138,195,2
292,185,27,12
293,259,238,4
294,253,199,12
295,253,193,4
296,364,341,5
297,259,199,12
298,171,193,14
299,171,199,12
300,138,223,9
301,386,335,1
302,253,316,10
303,185,87,12
304,253,341,9
305,259,335,14
306,386,87,1
307,259,316,4
308,386,316,1
309,386,316,10
310,386,335,1
311,20,30,0
312,185,204,1
313,386,335,14
314,127,193,4
315,386,341,13
316,250,335,10
317,364,223,5
318,364,335,14
319,259,316,10
320,259,341,13
321,250,223,10
322,259,341,4
323,49,30,6
324,171,238,5
325,171,316,14
326,386,238,1
327,259,238,5
328,386,335,14
329,20,27,6
330,185,204,12
331,259,87,4
332,49,87,2
333,171,195,15
334,171,195,14
335,386,238,1
336,253,204,1
337,364,223,5
338,386,316,1
339,364,341,5
340,364,223,9
341,176,238,5
342,127,223,15
343,171,316,10
344,176,335,14
345,386,238,1
346,364,316,10
347,386,316,1
348,253,341,13
349,250,195,10
350,49,25,6
351,364,335,14
352,171,316,10
353,127,48,15
354,386,341,13
355,176,335,14
356,171,238,14
357,171,195,14
358,386,195,1
359,364,335,5
360,176,199,13
361,127,87,15
362,386,341,1
363,250,341,10
364,171,204,1
365,364,195,5
366,259,195,4
367,386,199,1
368,185,335,12
369,253,193,4
370,386,195,1
371,32,27,3
372,185,316,12
373,364,341,5
374,364,199,5
375,171,238,14
376,364,25,5
377,176,238,5
378,259,341,13
379,364,335,14
380,386,223,1
381,364,193,4
382,250,341,13
383,127,30,0
384,386,316,1
385,176,335,14
386,138,30,2
387,127,316,10
388,250,195,10
389,127,199,12
390,171,223,14
391,386,223,1
392,176,199,13
393,185,195,12
394,253,238,9
395,176,238,13
396,138,195,2
397,386,238,1
398,386,335,1
399,127,316,10
400,253,335,14
401,364,341,5
402,253,335,9
403,50,223,9
404,386,223,9
405,22,25,11
406,386,193,1
407,250,341,10
408,386,238,5
409,250,335,10
410,127,204,1
411,259,223,4
412,176,316,10
413,364,204,5
414,250,223,10
415,171,195,14
416,250,335,10
417,171,204,1
418,176,223,13
419,386,238,1
420,386,193,1
421,138,335,14
422,176,238,13
423,138,193,2
424,185,335,12
425,138,316,2
426,127,238,5
427,185,238,12
428,185,204,1
429,250,30,10
430,386,341,1
431,386,316,1
432,127,30,0
433,185,195,12
434,386,199,12
435,253,341,9
436,259,316,10
437,386,335,14
438,138,48,2
439,364,204,1
440,171,195,14
441,259,204,1
442,185,335,12
443,259,199,4
444,364,341,5
445,386,316,1
446,253,204,1
447,364,199,12
448,26,30,0
449,138,238,5
450,176,238,5
451,185,87,12
452,185,341,12
453,259,335,4
454,253,341,13
455,259,204,1
456,138,316,10
457,32,193,4
458,364,199,5
459,386,335,14
460,253,87,9
461,138,199,12
462,185,238,12
463,171,204,14
464,253,238,5
465,364,204,1
466,176,223,13
467,50,30,0
468,386,335,14
469,364,195,5
470,386,223,1
471,171,195,14
472,259,341,4
473,127,87,15
474,250,335,14
475,386,238,1
476,138,193,2
477,364,341,5
478,138,335,14
479,176,193,13
480,386,316,1
481,250,335,10
482,253,316,9
483,386,316,1
484,364,335,14
485,138,341,2
486,26,48,0
487,364,223,5
488,171,238,14
489,250,195,10
490,138,341,13
491,259,341,13
492,259,195,4
493,259,316,10
494,259,341,4
495,364,316,5
496,185,238,12
497,259,316,10
498,253,316,9
499,250,223,10
500,171,193,4
501,127,238,5
502,22,48,11
503,250,335,10
504,364,341,13
505,138,199,12
506,253,238,9
507,176,335,14
508,253,238,5
509,138,341,13
510,185,238,12
511,250,341,10
512,138,341,13
513,171,223,9
514,253,195,9
515,364,223,9
516,253,341,13
517,26,27,0
518,250,195,10
519,364,335,14
520,176,223,13
521,171,195,14
522,253,204,9
523,364,341,5
524,253,195,9
525,364,316,5
526,171,195,15
527,185,204,12
528,364,195,5
529,176,238,13
530,176,238,13
531,176,195,13
532,176,335,14
533,386,341,13
534,176,238,13
535,364,223,9
536,386,238,1
537,138,223,9
538,364,223,5
539,185,204,12
540,185,195,12
541,259,27,4
542,259,204,4
543,364,316,10
544,364,341,5
545,364,223,5
546,364,335,14
547,364,335,14
548,253,204,9
549,386,199,12
550,32,341,13
551,364,341,13
552,250,341,10
553,250,335,14
554,259,30,4
555,250,335,10
556,250,341,10
557,176,335,14
558,138,223,2
559,250,341,10
560,364,223,5
561,253,204,1
562,253,195,9
563,176,199,13
564,259,341,13
565,259,204,1
566,259,223,4
567,26,195,15
568,253,204,1
569,253,199,12
570,250,335,10
571,127,87,15
572,386,193,1
573,259,335,4
574,176,199,13
575,127,341,13
576,386,316,1
577,176,87,13
578,364,223,5
579,185,193,4
580,185,341,12
581,250,199,12
582,127,341,13
583,259,316,10
584,386,48,1
585,253,30,9
586,386,341,1
587,32,25,8
588,138,48,7
589,364,204,1
590,364,193,5
591,250,341,13
592,386,335,14
593,138,204,1
594,138,335,14
595,259,238,5
596,176,238,13
597,386,199,1
598,171,193,4
599,386,341,1
600,250,238,10
601,386,341,1
602,250,199,12
603,32,48,7
604,253,341,9
605,176,316,10
606,386,223,1
607,176,195,13
608,386,238,1
609,364,204,1
610,250,335,14
611,259,223,4
612,176,195,13
613,127,87,15
614,171,204,1
615,171,238,5
616,20,48,8
617,386,223,1
618,253,316,10
619,171,238,5
620,22,87,2
621,250,195,10
622,250,341,13
623,364,193,5
624,386,238,5
625,185,238,12
626,127,335,14
627,259,223,4
628,176,204,13
629,176,238,5
630,364,341,5
631,171,204,1
632,259,199,4
633,364,223,5
634,386,199,1
635,364,316,5
636,253,204,9
637,171,30,0
638,185,204,12
639,364,204,1
640,127,48,15
641,250,87,10
642,176,195,13
643,171,204,14
644,127,316,10
645,138,316,10
646,127,223,9
647,259,335,14
648,250,341,13
649,364,341,13
650,50,27,7
651,253,195,9
652,127,48,15
653,386,193,1
654,259,316,4
655,259,238,4
656,386,341,1
657,253,316,9
658,185,193,4
659,364,204,5
660,138,195,2
661,386,199,1
662,171,193,14
663,259,335,4
664,32,25,8
665,253,204,1
666,386,195,1
667,364,335,5
668,171,238,14
669,250,335,14
670,386,335,14
671,259,316,10
672,364,223,5
673,386,48,1
674,386,238,1
675,127,199,12
676,253,316,9
677,138,195,15
678,364,223,5
679,259,199,4
680,171,193,14
681,171,223,14
682,253,199,9
683,259,223,4
684,253,316,10
685,171,238,14
686,32,316,10
687,185,223,12
688,386,238,1
689,386,316,1
690,253,199,12
691,386,316,10
692,127,316,15
693,364,195,5
694,138,316,10
695,138,48,7
696,386,341,1
697,364,316,5
698,26,193,4
699,364,316,10
700,250,341,10
701,176,223,9
702,138,223,9
703,386,199,1
704,253,341,13
705,386,199,1
706,50,25,8
707,176,204,1
708,185,193,12
709,250,341,10
710,138,238,5
711,253,204,9
712,364,341,5
713,185,87,12
714,259,25,4
715,364,335,5
716,171,195,14
717,364,335,14
718,386,316,1
719,386,199,12
720,386,199,1
721,253,341,9
722,364,335,5
723,253,238,9
724,253,193,9
725,171,204,1
726,185,335,14
727,253,238,9
728,250,341,10
729,364,195,5
730,253,87,9
731,386,193,1
732,176,204,1
733,171,223,14
734,185,87,12
735,386,238,1
736,138,335,2
737,176,87,13
738,176,193,13
739,20,199,12
740,386,223,1
741,364,316,5
742,386,223,1
743,259,341,4
744,386,193,1
745,171,204,1
746,364,199,5
747,364,316,10
748,253,335,9
749,364,193,5
750,259,316,4
751,364,199,5
752,127,204,1
753,364,193,5
754,250,223,10
755,364,223,5
756,138,238,5
757,253,316,9
758,171,195,14
759,253,335,9
760,250,341,13
761,250,223,10
762,185,335,12
763,50,199,12
764,185,316,10
765,253,195,15
766,185,316,12
767,253,193,9
768,386,316,1
769,364,199,5
770,259,204,1
771,171,204,1
772,386,193,4
773,250,341,13
774,364,341,13
775,386,223,9
776,185,195,12
777,259,335,14
778,259,195,15
779,364,204,5
780,386,341,1
781,185,335,12
782,171,199,12
783,49,341,13
784,253,335,9
785,50,195,15
786,250,341,13
787,185,238,12
788,185,223,12
789,50,335,14
790,364,335,14
791,386,335,1
792,250,238,5
793,176,335,13
794,364,335,5
795,386,223,9
796,185,193,12
797,386,199,1
798,259,199,4
799,364,316,10
800,138,193,2
801,259,335,14
802,171,193,4
803,364,193,5
804,250,335,14
805,364,341,5
806,386,238,1
807,386,193,1
808,253,335,9
809,259,199,12
810,26,30,0
811,364,335,14
812,259,238,5
813,364,199,12
814,259,238,4
815,253,199,9
816,253,204,1
817,250,335,10
818,259,204,4
819,259,223,9
820,250,238,5
821,364,335,14
822,250,199,12
823,127,87,2
824,176,223,13
825,386,316,1
826,250,341,13
827,138,223,2
828,364,335,5
829,364,195,5
830,185,335,14
831,185,316,10
832,259,223,4
833,250,195,10
834,127,223,9
835,176,238,13
836,127,193,15
837,364,195,5
838,364,316,10
839,364,223,9
840,250,204,1
841,185,204,1
842,171,195,14
843,127,199,12
844,176,87,13
845,259,204,1
846,49,30,6
847,185,341,12
848,176,238,5
849,253,238,5
850,250,335,14
851,364,199,5
852,171,199,12
853,250,335,10
854,386,316,1
855,259,238,4
856,138,193,4
857,253,87,9
858,127,341,13
859,171,195,14
860,138,48,2
861,50,195,15
862,138,238,5
863,250,341,13
864,386,223,1
865,253,195,9
866,259,87,4
867,386,238,1
868,49,199,12
869,171,193,14
870,364,204,1
871,250,335,10
872,259,341,13
873,259,341,4
874,364,335,14
875,386,316,1
876,185,193,4
877,253,193,9
878,185,335,12
879,50,316,10
880,138,238,2
881,250,341,10
882,250,199,10
883,364,195,5
884,176,195,13
885,386,316,1
886,185,193,12
887,364,193,4
888,364,193,4
889,176,335,14
890,250,341,10
891,259,316,4
892,386,223,1
893,138,316,10
894,185,87,12
895,171,223,14
896,364,204,1
897,364,199,5
898,253,204,1
899,185,238,12
900,259,223,9
901,176,238,5
902,386,223,1
903,364,316,10
904,364,341,5
905,138,195,2
906,253,316,10
907,259,199,12
908,386,223,1
909,259,335,4
910,259,204,4
911,176,335,13
912,386,223,1
913,185,204,12
914,250,335,14
915,138,223,2
916,364,335,14
917,171,316,10
918,50,341,13
919,253,199,9
920,259,335,14
921,364,223,5
922,50,195,15
923,185,316,12
924,386,316,1
925,259,199,4
926,185,223,12
927,386,335,14
928,127,316,10
929,250,335,14
930,171,204,14
931,176,87,13
932,386,238,1
933,185,193,12
934,386,223,1
935,259,238,5
936,185,238,5
937,127,199,12
938,171,223,9
939,250,204,1
940,259,199,4
941,259,223,9
942,386,316,1
943,259,335,4
944,259,223,9
945,253,204,1
946,176,223,13
947,176,335,14
948,176,238,13
949,386,335,14
950,185,195,15
951,176,199,13
952,49,48,6
953,250,341,10
954,259,316,4
955,176,199,12
956,250,341,10
957,171,195,14
958,138,17,2
959,386,238,1
960,250,238,5
961,185,335,12
962,386,223,1
963,250,195,10
964,138,30,0
965,138,195,2
966,20,199,12
967,127,30,15
968,176,204,13
969,364,204,5
970,364,316,5
971,185,195,12
972,49,316,10
973,364,335,5
974,386,223,1
975,364,223,5
976,259,238,4
977,185,316,12
978,259,316,4
979,386,199,12
980,127,341,13
981,171,199,12
982,138,341,13
983,171,238,5
984,253,238,9
985,364,193,5
986,386,316,1
987,185,204,12
988,386,341,1
989,386,223,1
990,127,48,15
991,386,193,4
992,250,341,13
993,253,204,9
994,364,193,4
995,386,193,4
996,259,335,4
997,250,341,10
998,386,335,1
999,250,193,10
1000,364,335,5
1001,250,335,10
1002,185,204,12
1003,386,87,1
1004,250,335,14
1005,253,341,9
1006,386,30,1
1007,386,238,1
1008,253,341,9
1009,386,193,1
1010,364,341,5
1011,22,195,15
1012,253,341,13
1013,138,335,14
1014,176,335,13
1015,253,193,4
1016,171,238,5
1017,138,316,10
1018,253,199,9
1019,127,193,4
1020,250,87,10
1021,364,223,5
1022,250,335,10
1023,127,238,5
1024,259,316,10
1025,386,335,1
1026,250,341,10
1027,364,199,12
1028,364,195,5
1029,386,335,1
1030,253,316,10
1031,253,341,13
1032,386,199,12
1033,176,195,15
1034,364,335,14
1035,364,335,14
1036,138,335,14
1037,171,238,5
1038,259,341,4
1039,250,195,10
1040,259,204,4
1041,26,204,1
1042,364,341,13
1043,386,199,1
1044,364,335,5
1045,138,316,10
1046,127,341,15
1047,171,195,14
1048,176,87,13
1049,49,223,9
1050,386,335,1
1051,250,335,14
1052,49,30,6
1053,386,223,9
1054,22,17,3
1055,171,199,12
1056,386,335,1
1057,253,199,9
1058,253,335,14
1059,386,193,4
1060,49,17,6
1061,386,238,5
1062,364,316,5
1063,386,223,1
1064,250,204,10
1065,176,193,4
1066,49,30,6
1067,259,341,13
1068,386,341,1
1069,386,238,5
1070,386,341,13
1071,386,223,1
1072,171,204,1
1073,386,316,1
1074,259,87,4
1075,364,335,5
1076,127,223,15
1077,386,316,1
1078,364,335,5
1079,250,335,14
1080,259,335,4
1081,185,238,12
1082,185,204,1
1083,185,195,12
1084,259,316,4
1085,364,341,5
1086,386,223,1
1087,176,204,1
1088,253,335,14
1089,185,341,13
1090,250,341,10
1091,171,204,14
1092,49,87,2
1093,171,341,13
1094,171,193,4
1095,250,341,10
1096,185,48,12
1097,253,341,9
1098,185,204,12
1099,253,335,9
1100,364,193,4
1101,364,316,10
1102,364,341,13
1103,386,193,1
1104,138,238,5
1105,253,193,4
1106,253,199,9
1107,386,199,1
1108,253,199,9
1109,49,30,6
1110,138,195,15
1111,386,199,1
1112,386,341,1
1113,250,335,10
1114,250,193,4
1115,176,316,10
1116,49,30,6
1117,364,199,5
1118,185,341,12
1119,386,199,1
1120,364,48,5
1121,138,48,7
1122,364,341,5
1123,138,195,2
1124,50,195,15
1125,185,335,12
1126,259,204,4
1127,127,341,13
1128,138,195,15
1129,127,193,4
1130,386,341,1
1131,176,87,13
1132,253,335,9
1133,171,193,14
1134,176,223,13
1135,364,316,10
1136,171,223,14
1137,171,204,1
1138,386,193,1
1139,253,316,9
1140,171,223,9
1141,127,193,15
1142,386,341,1
1143,364,316,5
1144,259,223,9
1145,49,199,12
1146,26,87,2
1147,386,335,1
1148,364,341,13
1149,185,335,12
1150,171,195,14
1151,185,316,10
1152,364,335,5
1153,185,238,12
1154,127,223,15
1155,250,195,10
1156,253,341,9
1157,176,195,13
1158,386,335,1
1159,253,195,9
1160,364,199,12
1161,386,195,15
1162,364,199,5
1163,185,195,12
1164,386,195,1
1165,386,316,10
1166,364,223,9
1167,259,195,4
1168,386,316,1
1169,50,195,15
1170,259,238,4
1171,386,199,12
1172,185,341,12
1173,364,341,5
1174,386,316,1
1175,253,341,9
1176,185,204,1
1177,32,25,8
1178,364,316,5
1179,259,25,4
1180,364,204,5
1181,171,17,14
1182,185,204,1
1183,127,204,1
1184,259,204,1
1185,386,193,1
1186,185,341,12
1187,185,341,12
1188,259,204,1
1189,386,87,1
1190,253,316,10
1191,364,223,5
1192,364,316,10
1193,250,341,10
1194,364,316,5
1195,386,199,12
1196,386,193,1
1197,259,204,4
1198,26,316,10
1199,364,223,9
1200,253,193,9
1201,250,341,10
1202,364,316,5
1203,364,193,4
1204,386,316,1
1205,364,316,5
1206,176,316,13
1207,364,316,5
1208,138,195,15
1209,185,335,12
1210,171,204,14
1211,253,199,9
1212,259,195,4
1213,250,341,10
1214,386,193,1
1215,364,316,10
1216,364,199,5
1217,185,341,13
1218,171,341,14
1219,127,335,14
1220,138,195,2
1221,20,17,8
1222,364,316,10
1223,364,223,9
1224,364,341,5
1225,386,87,2
1226,185,193,12
1227,386,335,14
1228,253,199,9
1229,253,341,9
1230,386,199,12
1231,127,316,10
1232,386,335,1
1233,250,335,10
1234,364,204,5
1235,253,204,9
1236,171,238,14
1237,176,316,13
1238,386,238,1
1239,253,193,4
1240,364,316,10
1241,364,199,5
1242,253,341,9
1243,250,195,10
1244,127,25,15
1245,364,316,5
1246,171,316,14
1247,185,204,12
1248,250,238,5
1249,364,341,13
1250,176,195,13
1251,386,199,12
1252,50,25,7
1253,364,223,9
1254,253,335,14
1255,364,223,5
1256,138,199,2
1257,171,199,12
1258,253,341,9
1259,259,335,4
1260,386,316,1
1261,259,223,4
1262,171,195,15
1263,127,87,2
1264,253,341,9
1265,185,204,1
1266,386,335,14
1267,253,193,9
1268,386,238,5
1269,364,223,9
1270,259,199,4
1271,26,195,0
1272,364,335,14
1273,259,238,4
1274,386,335,14
1275,250,238,10
1276,185,341,12
1277,176,223,9
1278,253,341,13
1279,386,193,1
1280,259,27,4
1281,250,87,10
1282,364,335,5
1283,386,87,1
1284,50,316,10
1285,185,193,4
1286,127,87,2
1287,364,341,5
1288,259,335,4
1289,364,204,1
1290,171,193,14
1291,259,316,4
1292,22,223,9
1293,127,193,15
1294,253,335,9
1295,176,335,14
1296,176,335,14
1297,250,335,10
1298,176,238,5
1299,171,27,14
1300,250,341,10
1301,176,316,10
1302,50,199,12
1303,364,341,5
1304,185,17,12
1305,185,341,12
1306,171,193,14
1307,259,316,4
1308,259,87,4
1309,250,341,10
1310,32,30,11
1311,176,193,13
1312,364,316,5
1313,50,30,7
1314,253,341,13
1315,250,195,10
1316,253,316,10
1317,185,335,12
1318,176,238,5
1319,176,223,9
1320,386,316,10
1321,386,193,4
1322,176,87,13
1323,250,341,10
1324,253,335,9
1325,364,193,5
1326,253,193,4
1327,171,238,5
1328,386,335,14
1329,364,199,5
1330,22,17,11
1331,185,195,12
1332,22,341,13
1333,250,195,10
1334,253,316,10
1335,386,193,4
1336,171,223,14
1337,250,195,10
1338,259,204,4
1339,171,193,14
1340,176,223,13
1341,250,341,10
1342,386,341,1
1343,364,199,5
1344,364,341,5
1345,250,341,10
1346,364,335,5
1347,185,193,12
1348,364,316,5
1349,171,316,10
1350,176,199,13
1351,127,48,15
1352,386,316,1
1353,364,316,10
1354,386,238,1
1355,259,204,4
1356,259,223,4
1357,171,87,14
1358,259,238,5
1359,364,316,5
1360,250,335,10
1361,250,335,14
1362,22,27,6
1363,259,335,4
1364,259,87,4
1365,364,195,5
1366,259,316,4
1367,176,316,10
1368,386,341,1
1369,386,335,14
1370,364,341,5
1371,386,48,1
1372,127,238,5
1373,185,335,12
1374,176,193,13
1375,176,193,13
1376,50,223,9
1377,386,335,1
1378,176,238,13
1379,176,223,13
1380,138,341,13
1381,386,335,1
1382,364,204,1
1383,49,48,6
1384,364,204,5
1385,386,335,14
1386,253,316,9
1387,250,87,10
1388,250,199,12
1389,250,199,12
1390,386,193,1
1391,364,223,9
1392,253,316,10
1393,253,238,9
1394,20,30,8
1395,250,223,9
1396,138,316,10
1397,250,341,10
1398,250,238,10
1399,259,335,4
1400,50,30,7
1401,127,87,2
1402,259,316,4
1403,386,316,10
1404,49,316,6
1405,386,193,1
1406,386,193,1
1407,250,341,13
1408,250,341,10
1409,127,341,13
1410,127,193,4
1411,259,316,10
1412,386,199,1
1413,386,341,1
1414,185,341,12
1415,253,341,9
1416,171,199,12
1417,185,48,12
1418,253,204,1
1419,386,193,1
1420,253,199,9
1421,176,223,13
1422,253,199,12
1423,49,341,13
1424,250,204,1
1425,259,223,9
1426,253,316,10
1427,171,87,14
1428,250,238,10
1429,250,199,10
1430,259,341,13
1431,171,199,12
1432,176,316,13
1433,176,204,1
1434,138,199,12
1435,364,316,10
1436,364,25,5
1437,250,341,10
1438,20,30,0
1439,138,238,5
1440,127,87,15
1441,386,193,4
1442,176,195,15
1443,259,316,10
1444,364,199,5
1445,259,316,4
1446,32,223,9
1447,250,193,10
1448,253,238,9
1449,259,238,5
1450,364,204,1
1451,250,238,10
1452,138,195,15
1453,127,335,15
1454,364,223,5
1455,386,199,1
1456,185,204,12
1457,253,341,13
1458,176,87,13
1459,259,341,4
1460,185,193,12
1461,138,316,10
1462,176,316,10
1463,364,195,5
1464,250,195,10
1465,176,238,13
1466,259,223,9
1467,185,204,1
1468,138,195,15
1469,364,199,5
1470,176,195,15
1471,171,193,14
1472,138,341,13
1473,259,223,9
1474,364,316,10
1475,253,87,9
1476,171,316,10
1477,171,193,4
1478,386,30,1
1479,386,341,1
1480,20,316,10
1481,250,199,10
1482,138,223,2
1483,176,87,13
1484,364,316,10
1485,185,238,12
1486,127,48,7
1487,250,87,10
1488,176,238,5
1489,253,316,9
1490,250,223,10
1491,138,199,12
1492,176,193,13
1493,253,199,12
1494,32,48,3
1495,386,238,5
1496,253,316,9
1497,176,204,13
1498,250,199,12
1499,386,195,1
1500,176,195,13
1501,253,204,1
1502,386,341,1
1503,127,238,5
1504,250,341,13
1505,259,341,4
1506,253,341,13
1507,259,335,4
1508,386,341,13
1509,259,335,4
1510,185,335,12
1511,185,238,12
1512,259,223,4
1513,364,316,10
1514,259,223,9
1515,253,199,12
1516,364,341,5
1517,22,30,0
1518,386,193,4
1519,364,223,5
1520,127,341,15
1521,176,193,13
1522,250,335,14
1523,50,27,6
1524,138,195,2
1525,386,316,1
1526,127,87,15
1527,250,193,10
1528,171,316,14
1529,386,193,1
1530,259,204,1
1531,253,316,9
1532,171,199,12
1533,250,335,10
1534,185,223,12
1535,253,193,4
1536,32,25,8
1537,259,335,4
1538,250,195,10
1539,364,335,14
1540,185,204,1
1541,185,316,12
1542,253,87,9
1543,364,341,5
1544,171,238,5
1545,386,341,1
1546,250,341,10
1547,259,316,4
1548,49,30,6
1549,259,204,1
1550,176,238,5
1551,176,48,13
1552,364,316,10
1553,259,204,1
1554,250,335,10
1555,32,30,0
1556,185,316,12
1557,20,335,14
1558,185,341,12
1559,259,238,5
1560,364,195,5
1561,386,335,1
1562,250,341,10
1563,127,199,12
1564,32,48,7
1565,364,204,1
1566,138,48,2
1567,250,335,14
1568,250,335,14
1569,364,316,10
1570,364,193,5
1571,49,238,5
1572,259,238,4
1573,386,223,1
1574,250,195,10
1575,259,238,4
1576,22,316,10
1577,253,341,9
1578,364,316,10
1579,386,87,1
1580,250,335,14
1581,49,316,10
1582,386,223,1
1583,386,341,13
1584,253,199,12
1585,176,335,13
1586,259,238,5
1587,386,316,10
1588,22,30,11
1589,259,238,5
1590,386,316,10
1591,386,316,1
1592,171,204,14
1593,386,199,1
1594,386,341,1
1595,259,316,4
1596,250,341,13
1597,22,193,4
1598,32,316,10
1599,364,335,5
1600,171,193,4
1601,127,238,5
1602,386,193,1
1603,127,30,15
1604,259,204,1
1605,138,27,2
1606,185,223,12
1607,176,204,13
1608,364,48,5
1609,250,193,10
1610,386,223,1
1611,185,193,12
1612,138,238,2
1613,364,223,5
1614,250,341,10
1615,386,335,14
1616,176,204,1
1617,259,223,9
1618,364,204,1
1619,364,316,10
1620,259,238,5
1621,138,238,2
1622,138,195,2
1623,259,199,4
1624,250,199,12
1625,176,204,1
1626,138,341,13
1627,185,193,12
1628,127,341,15
1629,386,193,1
1630,386,335,14
1631,138,238,5
1632,259,335,14
1633,253,316,10
1634,259,316,4
1635,32,335,14
1636,259,335,14
1637,20,30,8
1638,176,335,13
1639,253,193,9
1640,253,341,9
1641,364,204,5
1642,259,223,4
1643,253,204,9
1644,259,238,5
1645,253,204,1
1646,22,25,11
1647,386,193,4
1648,253,193,9
1649,250,199,10
1650,171,223,14
1651,20,48,8
1652,386,335,14
1653,386,193,1
1654,250,223,10
1655,185,316,12
1656,138,193,4
1657,253,204,1
1658,259,238,5
1659,386,223,1
1660,185,341,12
1661,127,316,10
1662,364,316,10
1663,250,335,14
1664,364,193,5
1665,386,341,1
1666,185,223,12
1667,138,238,5
1668,253,199,12
1669,386,223,9
1670,386,316,10
1671,386,199,12
1672,386,335,1
1673,259,195,4
1674,386,335,14
1675,32,27,6
1676,386,341,1
1677,185,238,5
1678,250,335,14
1679,386,335,1
1680,50,87,2
1681,386,335,14
1682,22,238,5
1683,185,341,12
1684,259,238,4
1685,127,30,0
1686,26,195,15
1687,176,193,4
1688,259,316,10
1689,364,316,10
1690,364,223,5
1691,259,204,4
1692,32,335,14
1693,364,199,12
1694,49,30,0
1695,364,341,5
1696,253,238,9
1697,259,316,4
1698,250,341,10
1699,171,193,14
1700,176,238,13
1701,386,335,14
1702,50,335,14
1703,185,335,12
1704,50,30,11
1705,176,193,13
1706,364,199,12
1707,364,204,5
1708,386,195,1
1709,250,199,10
1710,176,335,13
1711,26,48,0
1712,138,316,10
1713,253,238,9
1714,127,87,15
1715,171,193,14
1716,171,87,14
1717,185,223,12
1718,259,238,5
1719,364,341,5
1720,185,204,1
1721,127,87,2
1722,364,316,10
1723,386,335,1
1724,259,204,4
1725,386,193,1
1726,364,195,15
1727,171,204,14
1728,253,335,9
1729,127,238,15
1730,259,341,4
1731,386,199,1
1732,176,316,10
1733,386,87,1
1734,250,335,14
1735,138,27,2
1736,171,223,14
1737,127,341,13
1738,50,199,12
1739,250,223,10
1740,171,316,14
1741,259,223,4
1742,386,193,1
1743,250,335,14
1744,253,316,9
1745,250,335,14
1746,386,193,4
1747,253,193,9
1748,259,335,4
1749,250,195,10
1750,259,316,4
1751,250,335,14
1752,364,48,5
1753,386,316,1
1754,364,341,5
1755,127,204,1
1756,176,87,13
1757,259,335,4
1758,185,341,13
1759,364,204,5
1760,386,223,1
1761,386,335,1
1762,253,335,9
1763,259,204,1
1764,253,195,15
1765,185,316,12
1766,364,341,13
1767,386,316,10
1768,386,341,13
1769,386,238,1
1770,259,195,4
1771,171,199,14
1772,259,204,1
1773,32,48,3
1774,138,238,5
1775,364,316,10
1776,386,238,1
1777,250,335,14
1778,176,238,5
1779,386,193,1
1780,185,87,12
1781,386,199,12
1782,253,204,1
1783,171,316,10
1784,50,30,7
1785,176,316,10
1786,386,238,1
1787,386,195,1
1788,127,238,5
1789,259,48,4
1790,253,204,1
1791,171,223,14
1792,185,316,10
1793,259,335,14
1794,176,204,1
1795,386,199,1
1796,250,335,14
1797,364,195,15
1798,250,335,10
1799,253,335,14
1800,386,238,1
1801,185,341,12
1802,386,335,1
1803,250,335,14
1804,176,193,4
1805,185,335,12
1806,127,193,4
1807,250,238,5
1808,176,25,13
1809,253,335,9
1810,49,193,4
1811,259,199,4
1812,364,335,14
1813,259,223,4
1814,386,341,1
1815,364,335,5
1816,185,341,12
1817,127,30,0
1818,259,316,10
1819,32,30,3
1820,185,195,12
1821,250,335,14
1822,253,341,9
1823,176,238,5
1824,386,238,1
1825,250,335,14
1826,253,199,12
1827,176,87,13
1828,49,195,15
1829,253,316,10
1830,259,335,4
1831,250,199,10
1832,50,341,13
1833,253,335,14
1834,253,204,9
1835,176,87,13
1836,253,238,5
1837,185,223,12
1838,185,238,12
1839,26,30,0
1840,50,87,2
1841,386,335,1
1842,253,204,1
1843,49,48,6
1844,20,30,11
1845,185,223,12
1846,250,335,14
1847,259,204,4
1848,50,30,11
1849,127,335,14
1850,364,341,5
1851,259,335,14
1852,138,238,5
1853,171,199,12
1854,364,316,5
1855,253,238,9
1856,250,335,10
1857,171,316,10
1858,138,30,0
1859,386,316,1
1860,364,341,13
1861,250,238,5
1862,171,204,1
1863,250,223,10
1864,253,316,10
1865,259,341,13
1866,250,341,10
1867,259,195,4
1868,138,341,13
1869,127,335,14
1870,364,223,5
1871,49,193,4
1872,386,199,12
1873,364,316,10
1874,386,223,1
1875,259,341,13
1876,26,27,6
1877,32,48,7
1878,250,335,14
1879,185,341,13
1880,185,223,9
1881,364,341,5
1882,250,238,10
1883,259,335,4
1884,50,17,7
1885,253,316,9
1886,386,193,1
1887,250,195,10
1888,364,341,5
1889,386,223,1
1890,176,193,13
1891,49,316,10
1892,364,199,12
1893,250,341,10
1894,386,223,9
1895,185,341,13
1896,253,341,9
1897,364,335,14
1898,386,193,1
1899,364,316,10
1900,253,238,9
1901,259,204,4
1902,253,87,9
1903,386,341,1
1904,364,316,10
1905,250,335,10
1906,26,195,0
1907,185,316,10
1908,176,238,13
1909,386,341,1
1910,138,195,15
1911,250,335,10
1912,138,25,2
1913,171,199,12
1914,253,341,9
1915,20,199,12
1916,259,316,4
1917,176,199,12
1918,185,335,12
1919,386,87,1
1920,364,316,10
1921,185,238,5
1922,253,238,9
1923,386,341,13
1924,176,238,5
1925,386,341,1
1926,185,238,12
1927,364,341,5
1928,253,87,9
1929,386,193,4
1930,364,341,5
1931,386,199,12
1932,386,238,1
1933,250,335,10
1934,171,316,14
1935,364,204,5
1936,127,341,13
1937,259,223,9
1938,386,223,1
1939,185,341,12
1940,253,204,1
1941,22,341,13
1942,171,204,14
1943,253,87,9
1944,386,223,9
1945,127,30,15
1946,250,341,10
1947,259,204,1
1948,171,341,13
1949,386,195,1
1950,386,316,1
1951,364,335,14
1952,386,238,1
1953,185,316,12
1954,364,316,10
1955,259,238,4
1956,253,238,9
1957,171,87,14
1958,259,316,10
1959,386,335,1
1960,364,204,5
1961,386,195,1
1962,185,204,1
1963,386,316,10
1964,138,30,2
1965,49,48,6
1966,171,199,14
1967,171,223,9
1968,386,341,13
1969,386,193,4
1970,127,199,12
1971,138,316,10
1972,253,193,4
1973,250,223,9
1974,364,195,15
1975,171,193,4
1976,250,335,10
1977,259,316,4
1978,50,238,5
1979,176,204,13
1980,127,335,15
1981,185,223,9
1982,250,195,15
1983,185,316,10
1984,176,335,13
1985,364,335,5
1986,364,335,14
1987,32,335,14
1988,386,335,14
1989,185,223,9
1990,364,335,5
1991,49,199,12
1992,259,341,4
1993,127,30,15
1994,127,223,9
1995,364,341,13
1996,171,195,15
1997,253,195,15
1998,364,316,5
1999,386,199,1
2000,386,335,1
2001,250,335,14
2002,185,341,12
2003,364,195,5
2004,50,335,7
2005,259,223,9
2006,171,316,14
2007,364,195,5
2008,364,316,10
2009,171,204,1
2010,386,195,1
2011,185,204,12
2012,364,199,5
2013,32,27,6
2014,127,335,14
2015,185,341,13
2016,176,238,5
2017,386,316,1
2018,185,204,12
2019,49,30,6
2020,138,341,13
2021,138,204,1
2022,171,238,14
2023,364,223,9
2024,127,238,5
2025,171,316,14
2026,50,17,7
2027,185,335,12
2028,171,238,5
2029,127,87,2
2030,127,335,14
2031,250,195,10
2032,250,223,10
2033,364,335,14
2034,259,199,12
2035,364,316,5
2036,26,195,0
2037,20,30,0
2038,386,199,1
2039,127,341,13
2040,49,17,6
2041,386,193,1
2042,127,341,13
2043,250,204,1
2044,22,17,11
2045,20,17,8
2046,253,204,9
2047,253,341,13
2048,176,316,13
2049,50,195,15
2050,386,341,1
2051,259,316,4
2052,253,316,10
2053,138,223,9
2054,364,341,5
2055,259,335,4
2056,253,193,4
2057,259,316,4
2058,250,193,4
2059,171,238,14
2060,185,341,12
2061,364,199,12
2062,50,25,8
2063,386,316,10
2064,171,341,14
2065,253,87,9
2066,171,204,14
2067,364,193,4
2068,259,316,10
2069,386,238,1
2070,250,335,14
2071,176,195,15
2072,259,204,1
2073,259,341,4
2074,253,341,9
2075,250,195,10
2076,171,316,14
2077,364,223,5
2078,364,335,5
2079,386,335,1
2080,259,195,15
2081,386,341,1
2082,171,195,14
2083,171,316,10
2084,386,238,1
2085,20,335,14
2086,127,193,4
2087,49,25,6
2088,185,204,12
2089,364,335,14
2090,386,238,1
2091,250,195,10
2092,138,316,10
2093,386,195,1
2094,138,195,2
2095,364,195,5
2096,176,238,13
2097,386,341,1
2098,185,193,4
2099,185,195,12
2100,259,223,9
2101,32,25,8
2102,176,204,13
2103,176,195,13
2104,250,341,13
2105,176,335,14
2106,259,238,4
2107,49,223,9
2108,171,204,1
2109,364,193,4
2110,185,341,13
2111,26,17,0
2112,49,341,13
2113,250,335,10
2114,364,223,5
2115,386,335,14
2116,20,223,9
2117,127,341,13
2118,253,341,9
2119,171,204,14
2120,26,27,6
2121,185,341,12
2122,386,193,1
2123,50,195,7
2124,259,341,4
2125,364,316,10
2126,386,199,12
2127,176,195,13
2128,364,195,5
2129,127,316,10
2130,185,193,12
2131,253,341,13
2132,171,193,4
2133,364,316,10
2134,250,341,10
2135,259,316,10
2136,364,195,5
2137,253,204,1
2138,127,87,15
2139,49,25,8
2140,176,316,13
2141,127,335,14
2142,364,341,13
2143,386,335,14
2144,138,335,14
2145,386,193,1
2146,364,223,9
2147,259,223,4
2148,138,204,1
2149,386,223,1
2150,250,238,10
2151,253,316,10
2152,26,30,11
2153,364,316,10
2154,386,316,1
2155,138,335,14
2156,253,204,9
2157,253,204,9
2158,171,193,4
2159,364,341,13
2160,364,316,5
2161,26,238,5
2162,185,193,12
2163,176,238,13
2164,171,193,14
2165,26,25,0
2166,364,199,12
2167,364,195,5
2168,364,341,5
2169,253,199,12
2170,364,199,12
2171,259,204,1
2172,250,199,10
2173,171,27,14
2174,259,316,10
2175,250,193,4
2176,259,223,9
2177,364,195,15
2178,253,316,9
2179,364,195,5
2180,250,335,14
2181,386,341,1
2182,127,87,2
2183,250,87,10
2184,20,48,8
2185,250,199,10
2186,185,204,1
2187,364,341,5
2188,364,195,5
2189,171,199,14
2190,259,341,13
2191,259,195,15
2192,259,199,4
2193,364,341,5
2194,32,48,7
2195,386,316,1
2196,250,335,10
2197,364,223,5
2198,26,27,0
2199,138,195,2
2200,176,195,13
2201,364,316,10
2202,250,335,10
2203,185,238,12
2204,253,193,9
2205,364,335,14
2206,176,238,13
2207,171,238,14
2208,253,335,9
2209,386,316,10
2210,253,204,1
2211,250,195,10
2212,171,316,10
2213,171,199,14
2214,253,199,12
2215,171,193,4
2216,364,195,15
2217,364,193,5
2218,50,30,7
2219,171,204,1
2220,50,195,15
2221,386,341,13
2222,364,316,5
2223,386,316,1
2224,259,204,4
2225,127,223,9
2226,364,335,5
2227,250,341,10
2228,185,204,12
2229,253,341,13
2230,253,195,9
2231,386,341,1
2232,22,223,9
2233,127,27,6
2234,176,195,15
2235,364,199,12
2236,185,341,13
2237,364,199,12
2238,364,223,5
2239,386,223,9
2240,250,195,10
2241,364,204,5
2242,364,223,5
2243,259,335,14
2244,364,316,5
2245,176,204,13
2246,386,238,5
2247,171,341,14
2248,364,316,10
2249,386,335,14
2250,171,87,14
2251,26,341,13
2252,138,316,10
2253,250,335,14
2254,49,223,9
2255,253,204,9
2256,50,195,15
2257,364,316,5
2258,127,316,10
2259,364,341,13
2260,250,341,13
2261,32,30,11
2262,386,199,12
2263,253,316,10
2264,185,238,12
2265,250,223,10
2266,138,316,2
2267,171,30,14
2268,250,238,5
2269,250,335,14
2270,386,193,1
2271,50,195,15
2272,176,87,13
2273,250,341,13
2274,176,335,13
2275,176,223,13
2276,386,335,1
2277,386,335,1
2278,386,316,1
2279,259,238,4
2280,259,204,4
2281,253,316,9
2282,386,341,13
2283,49,30,11
2284,386,223,1
2285,364,223,5
2286,127,87,15
2287,32,195,15
2288,259,341,4
2289,253,199,12
2290,127,341,13
2291,386,193,1
2292,364,193,4
2293,138,238,5
2294,259,238,4
2295,253,316,10
2296,138,316,10
2297,259,335,4
2298,386,199,12
2299,253,204,9
2300,176,204,1
2301,364,48,5
2302,171,238,5
2303,253,316,10
2304,127,316,10
2305,50,316,10
2306,253,316,10
2307,50,30,7
2308,386,223,1
2309,364,223,9
2310,253,238,9
2311,259,316,4
2312,386,223,1
2313,386,316,10
2314,386,223,9
2315,127,238,5
2316,138,223,9
2317,386,316,1
2318,386,17,1
2319,386,335,14
2320,176,316,10
2321,171,193,14
2322,176,335,13
2323,253,341,9
2324,138,238,2
2325,171,238,5
2326,176,316,10
2327,250,341,10
2328,185,193,4
2329,386,316,10
2330,250,199,12
2331,259,204,4
2332,185,193,12
2333,259,335,4
2334,250,341,13
2335,50,199,12
2336,176,238,13
2337,253,316,9
2338,171,204,14
2339,50,204,1
2340,364,341,5
2341,386,17,1
2342,386,238,1
2343,138,195,2
2344,259,223,9
2345,364,316,5
2346,259,238,4
2347,176,223,13
2348,253,238,9
2349,364,335,5
2350,386,341,1
2351,259,204,1
2352,26,341,13
2353,259,341,4
2354,364,195,5
2355,22,335,14
2356,386,238,5
2357,185,204,12
2358,253,316,10
2359,364,193,5
2360,250,341,13
2361,259,341,4
2362,138,335,14
2363,364,199,5
2364,259,223,4
2365,386,238,5
2366,138,195,2
2367,127,316,10
2368,364,341,5
2369,171,193,4
2370,138,223,9
2371,253,238,9
2372,32,30,11
2373,386,341,13
2374,250,199,12
2375,185,223,12
2376,259,199,12
2377,364,316,5
2378,127,316,10
2379,250,335,14
2380,127,87,2
2381,22,195,11
2382,364,335,5
2383,185,223,12
2384,127,30,15
2385,250,199,10
2386,386,87,1
2387,364,335,14
2388,364,335,14
2389,171,238,14
2390,171,199,12
2391,171,199,14
2392,49,25,6
2393,138,195,2
2394,176,316,10
2395,185,193,12
2396,364,341,5
2397,250,335,14
2398,49,30,6
2399,364,223,5
2400,250,341,13
2401,386,238,1
2402,138,223,9
2403,127,199,12
2404,253,335,9
2405,138,238,5
2406,364,27,5
2407,259,199,4
2408,138,341,13
2409,127,316,10
2410,185,238,5
2411,259,335,14
2412,364,223,9
2413,364,48,7
2414,185,335,12
2415,185,316,12
2416,364,193,4
2417,138,27,6
2418,253,199,12
2419,185,204,1
2420,253,316,9
2421,250,341,13
2422,250,335,10
2423,138,195,15
2424,386,238,1
2425,250,204,10
2426,171,193,4
2427,250,341,10
2428,259,199,4
2429,49,30,6
2430,250,199,12
2431,176,316,13
2432,253,335,14
2433,364,204,1
2434,386,195,1
2435,138,30,2
2436,171,193,4
2437,171,316,10
2438,259,48,4
2439,250,341,10
2440,253,341,13
2441,364,341,5
2442,253,341,13
2443,386,223,1
2444,185,195,12
2445,176,238,5
2446,22,27,11
2447,364,341,5
2448,386,193,1
2449,253,341,13
2450,138,195,15
2451,138,335,14
2452,253,199,9
2453,127,204,15
2454,250,199,12
2455,386,335,1
2456,386,335,14
2457,138,316,2
2458,364,341,5
2459,253,199,9
2460,386,223,9
2461,171,238,14
2462,259,341,4
2463,364,341,5
2464,253,195,9
2465,250,341,10
2466,250,341,13
2467,185,195,12
2468,259,199,12
2469,250,335,14
2470,386,335,1
2471,253,341,9
2472,253,204,9
2473,138,335,14
2474,50,87,7
2475,20,341,13
2476,253,238,9
2477,250,341,13
2478,253,335,14
2479,259,204,1
2480,259,223,4
2481,171,87,2
2482,253,193,4
2483,364,199,12
2484,49,316,10
2485,138,199,12
2486,176,335,14
2487,176,316,13
2488,127,238,5
2489,176,195,15
2490,364,195,15
2491,253,193,9
2492,138,193,4
2493,185,193,4
2494,386,341,13
2495,386,238,5
2496,386,199,1
2497,386,27,1
2498,253,341,9
2499,185,223,12
2500,176,223,13
2501,386,316,1
2502,386,238,1
2503,364,195,5
2504,386,335,1
2505,171,238,14
2506,127,335,14
2507,386,316,1
